index,sharpe_ratio,info_ratio,composite_skill_score
0,0.4886614822169261,0.010965752196709828,22.082590482537533
1,0.47052173554760807,0.007319888991147372,22.588272313364133
2,0.20182598375443703,0.0010726413194543567,17.880928626657944
3,-0.45036471253437016,-0.020243460346503026,12.638087546868146
4,0.49712746117277656,0.019864040770692575,19.654142211946922
